{
  "svd": {
    "n_factors": 185,
    "n_epochs": 31,
    "lr_all": 0.019442352905909503,
    "reg_all": 0.09245914011658136
  },
  "cult": {
    "obscurity_exp": 1.6872404122523381,
    "min_votes": 98
  }
}